
{
    "Eggs": {
        "Date": "2024-09-11",
        "User_ID": 496,
        "Category": "Meat",
        "Calories (kcal)": 173,
        "Protein (g)": 42.4,
        "Carbohydrates (g)": 83.7,
        "Fat (g)": 1.5,
        "Fiber (g)": 1.5,
        "Sugars (g)": 12.7,
        "Sodium (mg)": 752,
        "Cholesterol (mg)": 125,
        "Meal_Type": "Lunch",
        "Water_Intake (ml)": 478
    },
    "Apple": {
        "Date": "2024-12-17",
        "User_ID": 201,
        "Category": "Fruits",
        "Calories (kcal)": 66,
        "Protein (g)": 39.2,
        "Carbohydrates (g)": 13.8,
        "Fat (g)": 3.2,
        "Fiber (g)": 2.6,
        "Sugars (g)": 12.2,
        "Sodium (mg)": 680,
        "Cholesterol (mg)": 97,
        "Meal_Type": "Lunch",
        "Water_Intake (ml)": 466
    },
    "Chicken Breast": {
        "Date": "2024-06-09",
        "User_ID": 776,
        "Category": "Meat",
        "Calories (kcal)": 226,
        "Protein (g)": 27.1,
        "Carbohydrates (g)": 79.1,
        "Fat (g)": 25.8,
        "Fiber (g)": 3.2,
        "Sugars (g)": 44.7,
        "Sodium (mg)": 295,
        "Cholesterol (mg)": 157,
        "Meal_Type": "Breakfast",
        "Water_Intake (ml)": 635
    },
    "Banana": {
        "Date": "2024-08-27",
        "User_ID": 112,
        "Category": "Fruits",
        "Calories (kcal)": 116,
        "Protein (g)": 43.4,
        "Carbohydrates (g)": 47.1,
        "Fat (g)": 16.1,
        "Fiber (g)": 6.5,
        "Sugars (g)": 44.1,
        "Sodium (mg)": 307,
        "Cholesterol (mg)": 13,
        "Meal_Type": "Snack",
        "Water_Intake (ml)": 379
    },
    "Oats": {
        "Date": "2024-01-19",
        "User_ID": 620,
        "Category": "Grains",
        "Calories (kcal)": 387,
        "Protein (g)": 31.2,
        "Carbohydrates (g)": 6.8,
        "Fat (g)": 39.5,
        "Fiber (g)": 5.1,
        "Sugars (g)": 0.7,
        "Sodium (mg)": 300,
        "Cholesterol (mg)": 244,
        "Meal_Type": "Dinner",
        "Water_Intake (ml)": 727
    },
    "Carrot": {
        "Date": "2024-07-27",
        "User_ID": 714,
        "Category": "Vegetables",
        "Calories (kcal)": 138,
        "Protein (g)": 28.2,
        "Carbohydrates (g)": 12.4,
        "Fat (g)": 20.2,
        "Fiber (g)": 2.8,
        "Sugars (g)": 37.8,
        "Sodium (mg)": 933,
        "Cholesterol (mg)": 15,
        "Meal_Type": "Dinner",
        "Water_Intake (ml)": 733
    },
    "Cookies": {
        "Date": "2024-10-21",
        "User_ID": 992,
        "Category": "Snacks",
        "Calories (kcal)": 69,
        "Protein (g)": 36.8,
        "Carbohydrates (g)": 17.8,
        "Fat (g)": 15.0,
        "Fiber (g)": 9.6,
        "Sugars (g)": 36.4,
        "Sodium (mg)": 185,
        "Cholesterol (mg)": 228,
        "Meal_Type": "Snack",
        "Water_Intake (ml)": 386
    },
    "Quinoa": {
        "Date": "2024-09-08",
        "User_ID": 594,
        "Category": "Grains",
        "Calories (kcal)": 204,
        "Protein (g)": 19.3,
        "Carbohydrates (g)": 62.7,
        "Fat (g)": 31.8,
        "Fiber (g)": 6.8,
        "Sugars (g)": 40.3,
        "Sodium (mg)": 887,
        "Cholesterol (mg)": 135,
        "Meal_Type": "Snack",
        "Water_Intake (ml)": 662
    },
    "Tomato": {
        "Date": "2024-07-13",
        "User_ID": 621,
        "Category": "Vegetables",
        "Calories (kcal)": 117,
        "Protein (g)": 34.4,
        "Carbohydrates (g)": 21.0,
        "Fat (g)": 10.1,
        "Fiber (g)": 9.1,
        "Sugars (g)": 18.5,
        "Sodium (mg)": 66,
        "Cholesterol (mg)": 180,
        "Meal_Type": "Dinner",
        "Water_Intake (ml)": 799
    },
    "Orange Juice": {
        "Date": "2024-08-28",
        "User_ID": 74,
        "Category": "Beverages",
        "Calories (kcal)": 147,
        "Protein (g)": 20.1,
        "Carbohydrates (g)": 32.7,
        "Fat (g)": 8.9,
        "Fiber (g)": 7.0,
        "Sugars (g)": 42.4,
        "Sodium (mg)": 500,
        "Cholesterol (mg)": 250,
        "Meal_Type": "Snack",
        "Water_Intake (ml)": 661
    },
    "Beef Steak": {
        "Date": "2024-08-23",
        "User_ID": 151,
        "Category": "Meat",
        "Calories (kcal)": 157,
        "Protein (g)": 27.5,
        "Carbohydrates (g)": 32.4,
        "Fat (g)": 9.4,
        "Fiber (g)": 0.5,
        "Sugars (g)": 24.6,
        "Sodium (mg)": 180,
        "Cholesterol (mg)": 68,
        "Meal_Type": "Lunch",
        "Water_Intake (ml)": 724
    },
    "Pork Chop": {
        "Date": "2024-07-02",
        "User_ID": 863,
        "Category": "Meat",
        "Calories (kcal)": 385,
        "Protein (g)": 15.8,
        "Carbohydrates (g)": 36.5,
        "Fat (g)": 33.1,
        "Fiber (g)": 2.1,
        "Sugars (g)": 27.6,
        "Sodium (mg)": 134,
        "Cholesterol (mg)": 88,
        "Meal_Type": "Lunch",
        "Water_Intake (ml)": 421
    },
    "Grapes": {
        "Date": "2024-02-23",
        "User_ID": 770,
        "Category": "Fruits",
        "Calories (kcal)": 274,
        "Protein (g)": 42.4,
        "Carbohydrates (g)": 54.5,
        "Fat (g)": 45.2,
        "Fiber (g)": 8.2,
        "Sugars (g)": 20.3,
        "Sodium (mg)": 507,
        "Cholesterol (mg)": 76,
        "Meal_Type": "Breakfast",
        "Water_Intake (ml)": 463
    },
    "Milkshake": {
        "Date": "2024-10-03",
        "User_ID": 986,
        "Category": "Beverages",
        "Calories (kcal)": 353,
        "Protein (g)": 24.0,
        "Carbohydrates (g)": 96.2,
        "Fat (g)": 6.8,
        "Fiber (g)": 0.9,
        "Sugars (g)": 17.5,
        "Sodium (mg)": 305,
        "Cholesterol (mg)": 17,
        "Meal_Type": "Lunch",
        "Water_Intake (ml)": 618
    },
    "Pasta": {
        "Date": "2024-08-19",
        "User_ID": 54,
        "Category": "Grains",
        "Calories (kcal)": 217,
        "Protein (g)": 28.1,
        "Carbohydrates (g)": 8.3,
        "Fat (g)": 38.9,
        "Fiber (g)": 3.7,
        "Sugars (g)": 43.2,
        "Sodium (mg)": 653,
        "Cholesterol (mg)": 176,
        "Meal_Type": "Dinner",
        "Water_Intake (ml)": 224
    },
    "Orange": {
        "Date": "2024-07-10",
        "User_ID": 66,
        "Category": "Fruits",
        "Calories (kcal)": 222,
        "Protein (g)": 21.1,
        "Carbohydrates (g)": 85.0,
        "Fat (g)": 45.1,
        "Fiber (g)": 1.7,
        "Sugars (g)": 46.8,
        "Sodium (mg)": 422,
        "Cholesterol (mg)": 260,
        "Meal_Type": "Snack",
        "Water_Intake (ml)": 876
    },
    "Nuts": {
        "Date": "2024-01-18",
        "User_ID": 581,
        "Category": "Snacks",
        "Calories (kcal)": 552,
        "Protein (g)": 25.9,
        "Carbohydrates (g)": 27.4,
        "Fat (g)": 39.2,
        "Fiber (g)": 1.5,
        "Sugars (g)": 47.3,
        "Sodium (mg)": 338,
        "Cholesterol (mg)": 292,
        "Meal_Type": "Breakfast",
        "Water_Intake (ml)": 751
    },
    "Cheese": {
        "Date": "2024-07-09",
        "User_ID": 759,
        "Category": "Dairy",
        "Calories (kcal)": 252,
        "Protein (g)": 18.0,
        "Carbohydrates (g)": 24.9,
        "Fat (g)": 31.0,
        "Fiber (g)": 8.2,
        "Sugars (g)": 43.6,
        "Sodium (mg)": 744,
        "Cholesterol (mg)": 110,
        "Meal_Type": "Breakfast",
        "Water_Intake (ml)": 244
    },
    "Strawberry": {
        "Date": "2024-08-20",
        "User_ID": 6,
        "Category": "Fruits",
        "Calories (kcal)": 141,
        "Protein (g)": 19.0,
        "Carbohydrates (g)": 93.3,
        "Fat (g)": 11.8,
        "Fiber (g)": 5.7,
        "Sugars (g)": 20.0,
        "Sodium (mg)": 970,
        "Cholesterol (mg)": 263,
        "Meal_Type": "Lunch",
        "Water_Intake (ml)": 967
    },
    "Butter": {
        "Date": "2024-03-23",
        "User_ID": 351,
        "Category": "Dairy",
        "Calories (kcal)": 315,
        "Protein (g)": 37.8,
        "Carbohydrates (g)": 25.5,
        "Fat (g)": 15.6,
        "Fiber (g)": 1.2,
        "Sugars (g)": 1.0,
        "Sodium (mg)": 555,
        "Cholesterol (mg)": 119,
        "Meal_Type": "Breakfast",
        "Water_Intake (ml)": 863
    },
    "Rice": {
        "Date": "2024-11-25",
        "User_ID": 547,
        "Category": "Grains",
        "Calories (kcal)": 142,
        "Protein (g)": 14.6,
        "Carbohydrates (g)": 21.9,
        "Fat (g)": 41.4,
        "Fiber (g)": 2.7,
        "Sugars (g)": 46.5,
        "Sodium (mg)": 947,
        "Cholesterol (mg)": 48,
        "Meal_Type": "Lunch",
        "Water_Intake (ml)": 868
    },
    "Yogurt": {
        "Date": "2024-11-12",
        "User_ID": 421,
        "Category": "Dairy",
        "Calories (kcal)": 568,
        "Protein (g)": 27.5,
        "Carbohydrates (g)": 63.4,
        "Fat (g)": 25.4,
        "Fiber (g)": 1.6,
        "Sugars (g)": 9.5,
        "Sodium (mg)": 360,
        "Cholesterol (mg)": 20,
        "Meal_Type": "Snack",
        "Water_Intake (ml)": 927
    },
    "Broccoli": {
        "Date": "2024-01-27",
        "User_ID": 324,
        "Category": "Vegetables",
        "Calories (kcal)": 219,
        "Protein (g)": 32.6,
        "Carbohydrates (g)": 49.5,
        "Fat (g)": 30.3,
        "Fiber (g)": 9.4,
        "Sugars (g)": 23.5,
        "Sodium (mg)": 771,
        "Cholesterol (mg)": 138,
        "Meal_Type": "Dinner",
        "Water_Intake (ml)": 663
    },
    "Water": {
        "Date": "2024-12-31",
        "User_ID": 369,
        "Category": "Beverages",
        "Calories (kcal)": 171,
        "Protein (g)": 47.4,
        "Carbohydrates (g)": 80.3,
        "Fat (g)": 10.1,
        "Fiber (g)": 9.0,
        "Sugars (g)": 44.3,
        "Sodium (mg)": 525,
        "Cholesterol (mg)": 264,
        "Meal_Type": "Breakfast",
        "Water_Intake (ml)": 985
    },
    "Paneer": {
        "Date": "2024-06-10",
        "User_ID": 395,
        "Category": "Dairy",
        "Calories (kcal)": 173,
        "Protein (g)": 22.1,
        "Carbohydrates (g)": 59.4,
        "Fat (g)": 30.1,
        "Fiber (g)": 5.2,
        "Sugars (g)": 12.4,
        "Sodium (mg)": 424,
        "Cholesterol (mg)": 10,
        "Meal_Type": "Snack",
        "Water_Intake (ml)": 986
    },
    "Salmon": {
        "Date": "2024-06-14",
        "User_ID": 882,
        "Category": "Meat",
        "Calories (kcal)": 508,
        "Protein (g)": 5.3,
        "Carbohydrates (g)": 70.4,
        "Fat (g)": 40.3,
        "Fiber (g)": 6.1,
        "Sugars (g)": 47.2,
        "Sodium (mg)": 423,
        "Cholesterol (mg)": 230,
        "Meal_Type": "Snack",
        "Water_Intake (ml)": 470
    },
    "Milk": {
        "Date": "2024-03-30",
        "User_ID": 502,
        "Category": "Dairy",
        "Calories (kcal)": 282,
        "Protein (g)": 30.3,
        "Carbohydrates (g)": 69.7,
        "Fat (g)": 21.5,
        "Fiber (g)": 5.4,
        "Sugars (g)": 39.9,
        "Sodium (mg)": 731,
        "Cholesterol (mg)": 263,
        "Meal_Type": "Dinner",
        "Water_Intake (ml)": 491
    },
    "Coffee": {
        "Date": "2024-04-05",
        "User_ID": 164,
        "Category": "Beverages",
        "Calories (kcal)": 484,
        "Protein (g)": 29.7,
        "Carbohydrates (g)": 70.2,
        "Fat (g)": 37.9,
        "Fiber (g)": 8.6,
        "Sugars (g)": 32.7,
        "Sodium (mg)": 569,
        "Cholesterol (mg)": 176,
        "Meal_Type": "Lunch",
        "Water_Intake (ml)": 269
    },
    "Spinach": {
        "Date": "2024-01-11",
        "User_ID": 964,
        "Category": "Vegetables",
        "Calories (kcal)": 282,
        "Protein (g)": 12.0,
        "Carbohydrates (g)": 54.0,
        "Fat (g)": 6.6,
        "Fiber (g)": 2.2,
        "Sugars (g)": 29.4,
        "Sodium (mg)": 198,
        "Cholesterol (mg)": 81,
        "Meal_Type": "Lunch",
        "Water_Intake (ml)": 332
    },
    "Potato": {
        "Date": "2024-05-16",
        "User_ID": 696,
        "Category": "Vegetables",
        "Calories (kcal)": 161,
        "Protein (g)": 30.4,
        "Carbohydrates (g)": 72.8,
        "Fat (g)": 31.4,
        "Fiber (g)": 7.3,
        "Sugars (g)": 38.4,
        "Sodium (mg)": 934,
        "Cholesterol (mg)": 62,
        "Meal_Type": "Snack",
        "Water_Intake (ml)": 569
    },
    "Green Tea": {
        "Date": "2024-09-17",
        "User_ID": 462,
        "Category": "Beverages",
        "Calories (kcal)": 425,
        "Protein (g)": 23.1,
        "Carbohydrates (g)": 30.9,
        "Fat (g)": 9.2,
        "Fiber (g)": 8.2,
        "Sugars (g)": 36.4,
        "Sodium (mg)": 201,
        "Cholesterol (mg)": 145,
        "Meal_Type": "Lunch",
        "Water_Intake (ml)": 101
    },
    "Bread": {
        "Date": "2024-04-21",
        "User_ID": 237,
        "Category": "Grains",
        "Calories (kcal)": 467,
        "Protein (g)": 4.5,
        "Carbohydrates (g)": 95.5,
        "Fat (g)": 49.5,
        "Fiber (g)": 8.9,
        "Sugars (g)": 28.9,
        "Sodium (mg)": 577,
        "Cholesterol (mg)": 273,
        "Meal_Type": "Dinner",
        "Water_Intake (ml)": 891
    },
    "Chocolate": {
        "Date": "2024-03-31",
        "User_ID": 589,
        "Category": "Snacks",
        "Calories (kcal)": 153,
        "Protein (g)": 46.7,
        "Carbohydrates (g)": 91.0,
        "Fat (g)": 45.0,
        "Fiber (g)": 7.0,
        "Sugars (g)": 49.7,
        "Sodium (mg)": 494,
        "Cholesterol (mg)": 38,
        "Meal_Type": "Lunch",
        "Water_Intake (ml)": 751
    },
    "Chips": {
        "Date": "2024-03-13",
        "User_ID": 120,
        "Category": "Snacks",
        "Calories (kcal)": 365,
        "Protein (g)": 29.1,
        "Carbohydrates (g)": 67.1,
        "Fat (g)": 28.2,
        "Fiber (g)": 4.8,
        "Sugars (g)": 41.3,
        "Sodium (mg)": 810,
        "Cholesterol (mg)": 4,
        "Meal_Type": "Dinner",
        "Water_Intake (ml)": 652
    },
    "Popcorn": {
        "Date": "2024-12-31",
        "User_ID": 365,
        "Category": "Snacks",
        "Calories (kcal)": 481,
        "Protein (g)": 38.6,
        "Carbohydrates (g)": 36.8,
        "Fat (g)": 12.2,
        "Fiber (g)": 8.1,
        "Sugars (g)": 22.2,
        "Sodium (mg)": 263,
        "Cholesterol (mg)": 125,
        "Meal_Type": "Lunch",
        "Water_Intake (ml)": 829
    }
}
